coordinate,value2010,value2011,value2012,value2013,value2014,value2015,value2016,value2017,value2018,value2019,value2020,value2021,value2022,value2023,ADM3_1,ADM2_1,distance_to_water,normalized_distance_to_water,distance_to_whole_line
"(np.float64(-12.520080904172781), np.float64(17.007036572160548))",10,10,10,10,10,10,10,10,10,10,10,10,10,10,Bou Lahrath,Barkéol,579.0605406113098,0.27568703719993704,0.3170437203648477
"(np.float64(-12.519463620222165), np.float64(17.006542745000054))",10,10,10,10,10,10,10,10,10,10,10,10,10,10,Bou Lahrath,Barkéol,578.7122121069053,0.27514229690444986,0.3169852821962535
"(np.float64(-12.461685842444387), np.float64(17.016542745000052))",10,10,10,10,10,10,10,10,10,10,10,10,10,10,Bou Lahrath,Barkéol,562.3933516304771,0.24962173006728267,0.27270450526429346
"(np.float64(-12.40896979306167), np.float64(16.9267896585803))",10,10,10,10,10,10,10,10,10,10,10,10,10,10,Bou Lahrath,Barkéol,522.8392170688801,0.18776422866737583,0.3202270203606667
"(np.float64(-12.386624114049326), np.float64(16.83666620179018))",10,10,10,10,10,10,10,10,10,10,10,10,10,10,Bou Lahrath,Barkéol,497.4528765868546,0.14806330715031052,0.39173875021080706
"(np.float64(-12.371685842444386), np.float64(17.016542745000052))",10,10,10,10,10,10,10,10,10,10,10,10,10,10,Bou Lahrath,Barkéol,535.7204825208383,0.20790884577399538,0.22394375021837115
"(np.float64(-12.36390806466661), np.float64(16.926542745000052))",10,10,10,10,10,10,10,10,10,10,10,10,10,10,Bou Lahrath,Barkéol,510.0430805218032,0.1677527420516957,0.30035161407051786
"(np.float64(-12.319463620222164), np.float64(16.836542745000056))",10,10,10,10,10,10,10,10,10,10,10,10,10,10,Gueller,Barkéol,479.669855115864,0.12025298371058663,0.3630708949813599
"(np.float64(-12.2985994226913), np.float64(17.008764967222273))",10,10,10,10,10,10,10,10,10,10,10,10,10,10,Gueller,Barkéol,514.629068216797,0.1749246279596346,0.19948928933532892
"(np.float64(-12.29390806466661), np.float64(16.837653856111167))",10,10,10,10,10,10,10,10,10,10,10,10,10,10,Gueller,Barkéol,473.7310756103476,0.11096550806112862,0.3463925191088347
"(np.float64(-12.281685842444386), np.float64(17.016542745000052))",10,10,10,10,10,10,10,10,10,10,10,10,10,10,Gueller,Barkéol,512.8866796440454,0.17219975975627858,0.1866338929719948
"(np.float64(-12.273908064666609), np.float64(16.926542745000052))",10,10,10,10,10,10,10,10,10,10,10,10,10,10,Gueller,Barkéol,487.63210993358996,0.13270491051906977,0.26238857461543846
"(np.float64(-12.273908064666607), np.float64(16.928024226481536))",10,10,10,10,10,10,10,10,10,10,10,10,10,10,Gueller,Barkéol,487.9765978988894,0.13324364471290168,0.2610225244714421
"(np.float64(-12.229463620222164), np.float64(16.836542745000056))",10,10,10,10,10,10,10,10,10,10,10,10,10,10,Gueller,Barkéol,459.67540159884254,0.08898426932389043,0.30076153708100256
"(np.float64(-12.191685842444388), np.float64(17.016542745000052))",10,10,10,10,10,10,10,10,10,16,16,16,10,10,Oudeiy Jrid,Guerou,494.839606747003,0.14397649436654913,0.15159087398589163
"(np.float64(-12.183908064666609), np.float64(16.926542745000052))",10,10,10,10,10,10,10,10,10,10,10,10,10,10,Oudeiy Jrid,Guerou,469.95374755991054,0.10505826024095577,0.20518263856483182
"(np.float64(-12.179463620222165), np.float64(16.83876496722228))",10,10,10,10,10,10,10,10,10,10,10,10,10,10,Gueller,Barkéol,451.08515927358746,0.07555025205743984,0.2678248074455548
"(np.float64(-12.160574731333275), np.float64(16.929135337592648))",10,10,10,10,10,10,10,10,10,10,10,10,10,10,Oudeiy Jrid,Guerou,466.82653965859106,0.10016771544007215,0.1862590958098539
"(np.float64(-12.139463620222164), np.float64(16.836542745000056))",10,10,10,10,10,10,10,10,10,10,10,10,10,10,Oudeiy Jrid,Guerou,444.62436708560205,0.06544641673801327,0.24666504955613466
"(np.float64(-12.121685842444386), np.float64(16.676542745000052))",10,10,10,10,10,10,10,10,10,10,10,10,10,10,Gueller,Barkéol,422.14410254879897,0.030290218518328933,0.3291484769843075
"(np.float64(-12.101685842444386), np.float64(17.016542745000052))",16,16,16,16,16,16,16,16,16,16,16,16,16,16,Kamour,Guerou,482.56008264252387,0.12477292215085255,0.08383593837045972
"(np.float64(-12.093908064666609), np.float64(16.926542745000052))",10,10,10,10,10,10,10,10,10,10,10,10,10,10,Oudeiy Jrid,Guerou,457.755071461268,0.08598112374910066,0.14680690838921068
"(np.float64(-12.088722879481423), np.float64(16.839752621543266))",10,10,10,10,10,10,10,10,10,10,10,10,10,10,Oudeiy Jrid,Guerou,438.947551357238,0.05656861822829123,0.21918621768616725
"(np.float64(-12.07390806466661), np.float64(16.677283485740798))",10,10,10,10,10,10,10,10,10,10,10,10,10,10,Oudeiy Jrid,Guerou,416.8376638381521,0.02199164129977819,0.28717563918690137
"(np.float64(-12.06971053380241), np.float64(17.115431633888942))",16,16,16,16,16,16,16,16,16,16,16,16,16,16,El Ghaira,Guerou,513.2308227093665,0.17273795457158203,0.004481866934617095
"(np.float64(-12.05501917577772), np.float64(16.757653856111165))",10,10,10,10,10,10,10,10,10,10,10,10,10,10,Oudeiy Jrid,Guerou,423.040049369744,0.031691362351840016,0.23476612399281677
"(np.float64(-12.049463620222165), np.float64(16.836542745000056))",10,10,10,10,10,10,10,10,10,10,10,10,10,10,Oudeiy Jrid,Guerou,434.71997031521545,0.04995723352417417,0.19584193526126167
"(np.float64(-12.049340163432042), np.float64(16.677900769691412))",10,10,10,10,10,10,10,10,10,10,10,10,10,10,Oudeiy Jrid,Guerou,414.66620992526583,0.018595770932623053,0.266222819396452
"(np.float64(-12.047611768370313), np.float64(16.930246448703755))",16,16,16,16,16,16,16,16,16,16,16,16,16,16,Kamour,Guerou,454.8982525150565,0.0815134319660998,0.1197946756875434
"(np.float64(-12.044401891827102), np.float64(16.7567896585803))",10,10,10,10,10,10,10,10,10,10,10,10,10,10,Oudeiy Jrid,Guerou,422.0887862863736,0.03020371110719883,0.22540231749883247
"(np.float64(-12.031685842444388), np.float64(16.676542745000052))",10,10,10,10,10,10,10,10,10,10,10,10,10,10,Oudeiy Jrid,Guerou,413.20437200068636,0.016309647308168747,0.25264683874341537
"(np.float64(-12.027735225160436), np.float64(17.116295831419805))",16,16,16,16,16,16,16,16,16,16,16,16,16,16,Kamour,Guerou,511.96802789301057,0.1707631083769601,0.03791369824281245
"(np.float64(-12.019463620222165), np.float64(16.758764967222273))",10,10,10,10,10,10,10,10,10,10,10,10,10,10,Oudeiy Jrid,Guerou,420.6388197726804,0.02793615281917915,0.2017906676624844
"(np.float64(-12.011685842444386), np.float64(17.016542745000052))",16,16,16,16,16,16,16,16,16,16,16,16,16,16,Kamour,Guerou,477.50705932790476,0.11687065352022286,0.026392103738861465
"(np.float64(-12.008722879481422), np.float64(16.51666620179018))",10,10,10,10,10,10,10,10,10,10,10,10,10,10,Legrane,Kiffa,406.9930396674218,0.006595934626581329,0.35921478805000007
"(np.float64(-12.003908064666609), np.float64(16.926542745000052))",16,16,16,16,16,16,16,16,16,16,16,16,16,16,Kamour,Guerou,452.1107471383002,0.07715413755462855,0.09941903434163947
"(np.float64(-12.002796953555498), np.float64(16.756542745000054))",10,10,10,10,10,10,10,10,10,10,10,10,10,10,Oudeiy Jrid,Guerou,419.48474351927837,0.026131328260339592,0.1874412778460603
"(np.float64(-11.985019175777719), np.float64(16.759876078333388))",7,7,7,7,10,10,10,10,10,10,10,10,10,10,Oudeiy Jrid,Guerou,419.2337605299093,0.025738823638804472,0.16983167085717246
"(np.float64(-11.979463620222164), np.float64(16.67876496722228))",10,10,10,10,10,10,10,10,10,10,10,10,10,10,Oudeiy Jrid,Guerou,410.46602401031936,0.01202722862994499,0.21157479309325888
"(np.float64(-11.975389546148088), np.float64(16.840863732654377))",10,16,16,16,16,16,16,16,16,16,16,16,16,16,Oudeiy Jrid,Guerou,432.16619154850935,0.045963457010354355,0.1283133546020645
"(np.float64(-11.971562385654263), np.float64(17.115431633888942))",10,10,10,10,10,10,10,10,10,16,16,10,10,10,,,511.7407991766332,0.1704077523365056,0.07807853690102351
"(np.float64(-11.966500657259202), np.float64(16.759505707963015))",10,10,10,10,10,10,10,10,10,10,10,10,10,10,Oudeiy Jrid,Guerou,418.68971822665,0.024888012518589818,0.15321096813218074
"(np.float64(-11.96501917577772), np.float64(16.757653856111165))",10,10,10,10,10,10,10,10,10,10,10,10,10,10,Oudeiy Jrid,Guerou,418.41372243568907,0.02445639114158444,0.15273006989857923
"(np.float64(-11.957735225160436), np.float64(16.760493362284002))",7,7,7,7,10,10,10,10,10,10,10,10,10,10,Oudeiy Jrid,Guerou,418.6689381115913,0.024855515132145123,0.14495884004791007
"(np.float64(-11.95390806466661), np.float64(16.760987189444496))",10,10,10,10,10,10,10,10,10,10,10,10,10,10,Oudeiy Jrid,Guerou,418.68972131480405,0.024888017348059534,0.14134768461148406
"(np.float64(-11.953414237506115), np.float64(16.758641510432152))",10,10,10,10,10,10,10,10,10,10,10,10,10,10,Oudeiy Jrid,Guerou,418.3685075666605,0.02438568099066775,0.1420422855812704
"(np.float64(-11.941685842444388), np.float64(16.676542745000052))",10,10,10,10,10,10,10,10,10,10,10,10,10,10,Oudeiy Jrid,Guerou,409.3008011438361,0.01020497222379242,0.1884731555235184
"(np.float64(-11.929463620222165), np.float64(16.846542745000058))",16,16,16,16,16,16,16,16,16,16,16,16,16,16,Oudeiy Jrid,Guerou,433.5085237069198,0.04806268922181148,0.08400607530581267
"(np.float64(-11.928352509111052), np.float64(16.516542745000052))",10,10,10,10,10,10,10,10,10,10,10,10,10,10,Legrane,Kiffa,402.98939361714844,0.0003347550077011603,0.3267259668069152
"(np.float64(-11.921685842444386), np.float64(17.016542745000052))",16,16,16,16,16,16,16,16,16,16,16,16,16,16,Kamour,Guerou,478.6864573818407,0.11871507806852837,0.022472143831440073
"(np.float64(-11.91390806466661), np.float64(16.926542745000052))",10,10,10,10,10,10,10,10,10,10,10,10,10,10,Kamour,Guerou,452.86481557659414,0.07833340212442347,0.03341399284584598
"(np.float64(-11.912920410345622), np.float64(16.93148101660499))",10,10,10,10,10,10,10,10,10,10,10,10,10,10,Kamour,Guerou,454.20727335032086,0.08043283078183217,0.030076772270760974
"(np.float64(-11.912796953555498), np.float64(16.756542745000054))",10,16,16,16,16,16,16,16,16,16,16,16,16,16,Oudeiy Jrid,Guerou,418.165642742937,0.02406842689684026,0.10976429184986336
"(np.float64(-11.89501917577772), np.float64(16.59209830055561))",10,10,10,10,10,10,10,10,10,10,10,10,10,10,Legrane,Kiffa,403.72846174337104,0.001490561048185932,0.24478550387872294
"(np.float64(-11.887735225160437), np.float64(16.679752621543262))",10,10,10,10,10,10,10,10,10,10,10,10,10,10,Oudeiy Jrid,Guerou,409.7583664416985,0.01092054459989877,0.15923990818450928
"(np.float64(-11.882920410345621), np.float64(16.426913115370425))",10,10,10,10,10,10,10,10,10,10,10,10,10,10,Legrane,Kiffa,404.4270468804575,0.0025830569800078204,0.402842188634308
"(np.float64(-11.880574731333274), np.float64(16.761851386975362))",10,10,10,10,10,10,10,10,10,10,10,10,10,10,Oudeiy Jrid,Guerou,419.907078988184,0.026791805784335942,0.0835666153161143
"(np.float64(-11.877488311580187), np.float64(16.762345214135856))",10,10,10,10,10,10,10,10,10,10,10,10,10,10,Oudeiy Jrid,Guerou,420.1151552580003,0.0271172098993319,0.08131482978188814
"(np.float64(-11.867241397999942), np.float64(17.114814349938325))",10,10,10,10,10,10,10,10,10,10,10,10,10,10,,,516.2923605318216,0.17752579994444603,0.13136295162587322
"(np.float64(-11.866130286888831), np.float64(16.598764967222277))",10,10,10,10,10,10,10,10,10,10,10,10,10,10,Legrane,Kiffa,404.38232051369044,0.00251311078283852,0.23175165075999032
"(np.float64(-11.863167323925866), np.float64(16.68036990549388))",10,10,10,10,10,10,10,10,10,10,10,10,10,10,Oudeiy Jrid,Guerou,410.4771264650421,0.0120445914193516,0.15137004448205346
"(np.float64(-11.863043867135744), np.float64(16.841974843765488))",10,10,10,10,10,10,10,10,10,10,10,10,10,10,Guerou,Guerou,435.38008040776697,0.0509895595104882,0.02508925109767767
"(np.float64(-11.860574731333275), np.float64(16.59320941166672))",10,10,10,10,10,10,10,10,10,10,10,10,10,10,Legrane,Kiffa,404.2488004681581,0.0023043028669284646,0.23619333092220135
"(np.float64(-11.851685842444386), np.float64(16.676542745000052))",7,7,7,7,10,10,10,10,10,10,10,10,10,10,Oudeiy Jrid,Guerou,410.537869712541,0.012139585926470646,0.1526572228539699
"(np.float64(-11.846994484419696), np.float64(16.426542745000052))",10,10,10,10,10,10,10,10,10,10,10,10,10,10,Legrane,Kiffa,404.2676937714568,0.0023338495261639772,0.384778481362192
"(np.float64(-11.841685842444386), np.float64(16.5909871894445))",10,10,10,10,10,10,10,10,10,10,10,10,10,10,Legrane,Kiffa,404.66425741450826,0.00295402327985863,0.2359387263791976
"(np.float64(-11.841685842444386), np.float64(17.11432052277783))",10,10,10,10,10,10,10,10,10,10,10,10,10,10,,,518.0708255565082,0.18030708700769651,0.14850786417033532
"(np.float64(-11.839463620222165), np.float64(16.846542745000058))",10,10,10,10,10,10,10,10,10,10,10,10,10,10,Guerou,Guerou,437.93487377797635,0.054984922731698284,0.0016728537786674632
"(np.float64(-11.838352509111054), np.float64(16.516542745000052))",10,10,10,10,10,10,10,10,10,10,10,10,10,10,Legrane,Kiffa,402.7753380164513,0.0,0.30348121855248045
"(np.float64(-11.838352509111054), np.float64(16.680987189444497))",10,16,16,16,16,16,16,16,16,16,16,16,16,16,Oudeiy Jrid,Guerou,411.5857281314483,0.013778299662288156,0.14608275667794085
"(np.float64(-11.83538954614809), np.float64(16.591481016604995))",10,16,16,16,16,16,16,16,16,10,10,10,10,16,Legrane,Kiffa,404.8997776345668,0.0033223461493500908,0.2349622952234462
"(np.float64(-11.834648805407351), np.float64(17.11814768327166))",10,10,10,10,10,10,10,10,10,10,10,10,10,10,,,520.1164838637101,0.18350622947419168,0.15611637098187034
"(np.float64(-11.833661151086362), np.float64(16.590122991913635))",10,10,10,10,10,10,10,10,10,10,10,10,10,10,Legrane,Kiffa,404.89720235737514,0.003318318752106915,0.23621450021566867
"(np.float64(-11.831685842444386), np.float64(17.016542745000052))",10,10,10,10,10,10,10,10,10,10,10,10,10,10,Kamour,Guerou,484.6039204706083,0.12796921762572966,0.08522671676683684
"(np.float64(-11.828352509111053), np.float64(16.594320522777835))",10,10,10,10,10,10,10,10,10,10,10,10,10,10,Legrane,Kiffa,405.30124320711695,0.003950185880677329,0.23178165303635043
"(np.float64(-11.82390806466661), np.float64(16.926542745000052))",16,16,16,16,16,16,16,16,16,16,16,16,16,16,Kamour,Guerou,458.62202926970355,0.0873369325524875,0.04245524650067862
"(np.float64(-11.822796953555496), np.float64(16.756542745000054))",10,10,10,16,16,16,10,16,16,10,10,10,10,10,Oudeiy Jrid,Guerou,422.38269926242543,0.03066335262202619,0.06946433044304194
"(np.float64(-11.81995744738266), np.float64(17.111110646234618))",10,16,16,16,16,16,16,16,16,16,16,16,10,10,Nouamlein,Kiffa,518.7604006901597,0.18138549247068955,0.16105245534702237
"(np.float64(-11.818352509111053), np.float64(16.597653856111165))",10,10,10,10,10,10,10,10,10,10,10,10,10,10,Legrane,Kiffa,405.8944650212831,0.004877907333995778,0.2242511002476771
"(np.float64(-11.80501917577772), np.float64(16.59209830055561))",10,10,16,16,16,16,16,16,16,16,10,10,10,10,Legrane,Kiffa,406.23099613078654,0.005404198044384155,0.22212523026588718
"(np.float64(-11.804895718987597), np.float64(16.514443979567954))",10,10,10,10,10,10,10,10,10,10,10,10,10,10,Legrane,Kiffa,403.7783908518095,0.0015686436539453313,0.2876283620191543
"(np.float64(-11.803414237506114), np.float64(16.518271140061785))",10,10,10,10,10,10,10,10,10,10,10,10,10,10,Legrane,Kiffa,403.88330673573614,0.0017327183962901236,0.2835751999052206
"(np.float64(-11.799463620222165), np.float64(16.675431633888945))",10,10,10,10,10,10,10,10,10,10,10,10,10,10,Oudeiy Jrid,Guerou,413.27983315278715,0.01642765869619302,0.15009080629619184
"(np.float64(-11.791192015283892), np.float64(16.753826695617338))",7,7,7,10,16,10,10,10,10,10,10,10,10,10,Oudeiy Jrid,Guerou,424.4078227039782,0.033830381240128146,0.07208715583676452
"(np.float64(-11.789710533802412), np.float64(16.67456743635808))",10,10,10,10,10,10,10,10,10,10,10,10,10,10,Oudeiy Jrid,Guerou,413.8682494361004,0.017347864926772965,0.14458533828064965
"(np.float64(-11.788352509111053), np.float64(16.51543163388894))",10,10,10,10,10,10,10,10,10,10,10,10,10,10,Legrane,Kiffa,404.50976793229137,0.002712421903203046,0.27845810075867067
"(np.float64(-11.788352509111053), np.float64(16.75432052277783))",10,10,10,10,10,10,10,10,10,10,10,10,10,10,Oudeiy Jrid,Guerou,424.72760233880086,0.034330474831555394,0.07145841968952679
"(np.float64(-11.787241397999942), np.float64(16.67320941166672))",10,10,10,10,10,10,10,10,10,10,10,10,10,10,Oudeiy Jrid,Guerou,413.9000792893327,0.017397642660825254,0.14417083014039803
"(np.float64(-11.780574731333274), np.float64(16.515925461049434))",10,10,10,10,10,10,10,10,10,10,10,10,10,10,Legrane,Kiffa,404.9022524157861,0.0033262163840154044,0.27413054597027897
"(np.float64(-11.779463620222163), np.float64(16.513209411666722))",10,10,10,10,10,10,10,10,10,10,10,10,10,10,Legrane,Kiffa,404.92105330043785,0.003355618512555301,0.27594867397443346
"(np.float64(-11.77822905232093), np.float64(16.932715584506226))",10,10,10,10,10,10,10,10,10,10,10,10,10,10,Kamour,Guerou,464.8172457877611,0.0970254422035251,0.08610191214625734
"(np.float64(-11.776130286888831), np.float64(16.598764967222277))",10,10,10,10,16,10,10,16,16,10,10,10,10,10,Legrane,Kiffa,408.32428542271026,0.00867782915123939,0.20053647616713605
"(np.float64(-11.770574731333275), np.float64(16.59320941166672))",10,10,10,10,16,16,16,16,16,16,16,16,16,16,Legrane,Kiffa,408.35469415313923,0.008725384434800212,0.20230269520816427
"(np.float64(-11.769463620222163), np.float64(16.596542745000058))",10,10,10,10,10,10,10,10,10,10,10,10,10,10,Legrane,Kiffa,408.632528483356,0.009159881047121786,0.19887362213451132
"(np.float64(-11.763908064666609), np.float64(16.519876078333386))",10,10,7,7,10,10,10,10,10,10,10,10,10,10,Legrane,Kiffa,405.89285359093805,0.004875387267359748,0.2627381143850807
"(np.float64(-11.761932756024635), np.float64(16.59419706598771))",10,10,10,10,10,10,10,10,10,10,10,10,10,10,Legrane,Kiffa,409.01166947343444,0.009752808046649904,0.19708749580626458
"(np.float64(-11.761685842444386), np.float64(16.676542745000052))",10,10,10,10,10,10,10,10,10,10,10,10,10,10,Legrane,Kiffa,416.2884083238092,0.02113267739817998,0.12745630090898058
"(np.float64(-11.756994484419694), np.float64(17.012345214135856))",10,10,10,10,10,10,10,10,10,10,10,10,10,10,Nouamlein,Kiffa,491.07462099556477,0.13808854829032943,0.14536336135476938
"(np.float64(-11.755142632567845), np.float64(16.22456743635808))",10,10,10,10,10,10,10,10,10,10,10,10,10,10,Legrane,Kiffa,423.7321478456474,0.032773713992612155,0.5064867214966743
"(np.float64(-11.75501917577772), np.float64(16.426542745000052))",10,10,10,10,10,10,10,10,10,10,10,10,10,10,Legrane,Kiffa,406.8757207315975,0.006412463130682816,0.3413052625559232
"(np.float64(-11.751932756024633), np.float64(16.59567854746919))",10,7,7,7,7,7,10,10,10,10,10,10,10,10,Legrane,Kiffa,409.8390303971493,0.011046692492970472,0.19077969786813273
"(np.float64(-11.751685842444388), np.float64(16.5909871894445))",10,10,10,10,10,10,10,10,10,10,10,10,10,10,Legrane,Kiffa,409.56378445644754,0.010616243783853486,0.19471103269933626
"(np.float64(-11.749463620222164), np.float64(16.846542745000058))",16,16,16,16,16,16,10,16,16,16,16,10,10,16,Kamour,Guerou,446.3800361611195,0.06819205391350175,0.022391331524098265
"(np.float64(-11.748352509111054), np.float64(16.516542745000052))",10,10,10,10,10,10,10,10,10,10,10,10,10,10,Legrane,Kiffa,406.80509755295753,0.0063020177013994785,0.25819852529250453
"(np.float64(-11.748352509111053), np.float64(16.67432052277783))",16,16,16,16,16,16,16,16,16,16,16,16,16,16,Legrane,Kiffa,417.19648957924545,0.02255279790269767,0.12235484386228372
"(np.float64(-11.74613028688883), np.float64(16.51111064623462))",10,10,10,10,10,10,10,10,10,10,10,10,10,10,Legrane,Kiffa,406.8551973343963,0.006380367217444537,0.26198628633055404
"(np.float64(-11.74427843503698), np.float64(16.676172374629683))",7,7,10,10,16,10,10,10,10,10,10,10,10,10,Legrane,Kiffa,417.7803798838075,0.023465926093521616,0.11861791842657338
"(np.float64(-11.741685842444387), np.float64(17.016542745000052))",7,7,7,7,7,10,10,10,10,10,10,10,10,10,Nouamlein,Kiffa,494.3116727560082,0.143150874543262,0.1607061444215384
"(np.float64(-11.739463620222164), np.float64(16.514320522777833))",10,10,10,10,10,10,10,10,10,10,10,10,10,10,Legrane,Kiffa,407.3671312355705,0.007180964989574558,0.25613369311703416
"(np.float64(-11.735513002938212), np.float64(16.59851805364203))",10,10,10,10,10,10,10,10,10,10,10,10,10,10,Legrane,Kiffa,411.33214746544525,0.013381732613706999,0.18007065986542234
"(np.float64(-11.73427843503698), np.float64(17.107283485740794))",10,10,10,10,10,10,10,10,10,10,10,10,10,10,Nouamlein,Kiffa,526.7618291979372,0.19389868181503803,0.2181199194871173
"(np.float64(-11.73390806466661), np.float64(17.110987189444497))",16,16,16,16,16,16,16,16,16,16,16,16,16,16,Nouamlein,Kiffa,528.1801344590549,0.1961167260384164,0.220837940533512
"(np.float64(-11.733908064666608), np.float64(16.926542745000052))",10,10,10,10,10,10,10,10,10,10,10,10,10,10,Kamour,Guerou,468.30023507742845,0.1024723826371716,0.10259249755516557
"(np.float64(-11.73292041034562), np.float64(17.11432052277783))",10,10,10,10,10,10,10,10,10,10,10,10,10,10,Nouamlein,Kiffa,529.5450259962341,0.19825123817242116,0.2237947723648333
"(np.float64(-11.732796953555498), np.float64(16.756542745000054))",10,10,10,10,10,10,10,10,10,10,10,10,10,10,Legrane,Kiffa,430.45294757887433,0.04328416716051467,0.045104853138241634
"(np.float64(-11.731315472074016), np.float64(16.519135337592648))",10,10,10,10,10,10,10,10,10,10,10,10,10,10,Legrane,Kiffa,408.05521982575414,0.008257045692699519,0.24828300844079457
"(np.float64(-11.730574731333276), np.float64(16.512098300555607))",10,10,10,10,10,10,10,10,10,10,10,10,10,10,Legrane,Kiffa,407.95868324118294,0.008106075080361744,0.25438231123820215
"(np.float64(-11.728352509111053), np.float64(16.597653856111165))",10,10,10,10,10,10,10,10,10,10,10,10,10,10,Legrane,Kiffa,411.87757863494545,0.01423471573936155,0.17733065489105237
"(np.float64(-11.722303126395001), np.float64(16.5125921277161))",10,10,10,10,10,10,10,10,10,10,10,10,10,10,Legrane,Kiffa,408.5889694486402,0.009091760404848262,0.2502774095058534
"(np.float64(-11.712056212814757), np.float64(16.597283485740796))",10,10,10,10,10,10,10,10,10,10,10,10,10,10,Legrane,Kiffa,413.31176241239024,0.016477591888828556,0.16997780772274088
"(np.float64(-11.710574731333276), np.float64(16.68209830055561))",10,10,10,10,10,10,10,10,10,10,10,10,10,10,Legrane,Kiffa,421.8216005195676,0.029785867457541953,0.09528263024285828
"(np.float64(-11.709463620222163), np.float64(16.675431633888945))",10,10,10,10,10,10,10,10,10,10,10,10,10,10,Legrane,Kiffa,421.11299821659924,0.02867770598634144,0.10048708478699817
"(np.float64(-11.708352509111053), np.float64(16.595431633888943))",10,10,10,10,10,10,10,10,10,10,10,10,10,10,Legrane,Kiffa,413.527380365818,0.016814790212185397,0.1697760612088118
"(np.float64(-11.706994484419695), np.float64(16.674073609197585))",10,10,10,10,10,10,10,10,10,10,10,10,10,10,Legrane,Kiffa,421.2085921990987,0.028827202492125784,0.10041976848002111
"(np.float64(-11.705759916518462), np.float64(16.843332868456844))",10,10,10,10,10,10,10,10,10,10,10,10,10,10,Kamour,Guerou,450.9003807469614,0.07526128257052955,0.027275878427949266
"(np.float64(-11.701685842444386), np.float64(16.224320522777834))",10,10,10,10,10,10,10,10,10,10,10,10,10,10,Legrane,Kiffa,425.99597901175633,0.03631405032100946,0.4808123456823003
"(np.float64(-11.698352509111055), np.float64(16.514073609197588))",10,10,10,10,10,10,10,10,10,10,10,10,10,10,Legrane,Kiffa,410.59162340917646,0.012223649688748131,0.23734645465578147
"(np.float64(-11.698352509111054), np.float64(16.51543163388894))",10,10,10,10,10,10,10,10,10,10,10,10,10,10,Legrane,Kiffa,410.62612410336624,0.012277604269294402,0.2361436481243415
"(np.float64(-11.697241397999944), np.float64(16.67320941166672))",10,10,10,10,10,10,10,10,10,10,10,10,10,10,Legrane,Kiffa,422.1551170629919,0.030307443780230387,0.09626382780630865
"(np.float64(-11.694895718987597), np.float64(16.420122991913633))",10,10,10,10,10,10,10,10,10,10,10,10,10,10,Legrane,Kiffa,411.1131219717995,0.013039205342412305,0.31262648443708774
"(np.float64(-11.690204360962905), np.float64(17.119876078333387))",10,10,10,10,10,10,10,10,10,10,10,10,10,10,Nouamlein,Kiffa,537.3781049495161,0.21050115079694498,0.26040831415171983
"(np.float64(-11.689463620222163), np.float64(16.513209411666722))",16,16,16,16,16,16,16,16,16,16,16,16,16,16,Legrane,Kiffa,411.3649654204855,0.013433055609958673,0.2341425947940347
"(np.float64(-11.682426583185126), np.float64(17.10814768327166))",10,10,10,10,10,10,10,10,10,10,10,10,10,10,Nouamlein,Kiffa,534.1614674524259,0.2054707497861633,0.25982197724258277
"(np.float64(-11.679463620222165), np.float64(16.596542745000058))",10,10,10,10,10,10,10,10,10,10,10,10,10,10,Legrane,Kiffa,416.50900188331445,0.02147765691971788,0.15603490740066156
"(np.float64(-11.67896979306167), np.float64(16.42135755981487))",10,10,10,10,10,10,10,10,10,10,10,10,10,10,Legrane,Kiffa,412.45189725006503,0.015132875057786986,0.3014597819097538
"(np.float64(-11.673908064666607), np.float64(16.519876078333386))",10,10,10,10,10,10,10,10,10,10,10,10,10,10,Legrane,Kiffa,413.041632681772,0.016055144264197747,0.22169785787546575
"(np.float64(-11.67143892886414), np.float64(16.42925879438277))",10,10,10,10,10,10,10,10,10,10,10,10,10,10,Legrane,Kiffa,412.9518029137775,0.015914662237197005,0.2905816724965936
"(np.float64(-11.669463620222164), np.float64(16.755431633888943))",10,10,10,10,10,10,10,10,10,10,10,10,10,10,Legrane,Kiffa,437.79884667099805,0.05477219409906363,0.011222292027943549
"(np.float64(-11.667611768370312), np.float64(16.755925461049436))",10,10,10,10,10,10,10,10,10,10,10,10,10,10,Legrane,Kiffa,438.12951832608456,0.05528932138788271,0.009864452110492802
"(np.float64(-11.66687102762957), np.float64(16.22333286845684))",10,10,10,10,10,10,10,10,10,10,10,10,10,10,Legrane,Kiffa,428.4420196582249,0.04013933848342731,0.4673276033675716
"(np.float64(-11.665019175777719), np.float64(16.426542745000052))",10,10,10,10,10,10,10,10,10,10,10,10,10,10,Legrane,Kiffa,413.63130573271616,0.016977315915241268,0.2887527628201738
"(np.float64(-11.664895718987598), np.float64(16.429876078333383))",10,10,10,10,10,10,10,10,10,10,10,10,10,10,Legrane,Kiffa,413.56779331835924,0.016877990792759402,0.2860388219980243
"(np.float64(-11.662673496765375), np.float64(16.323579782037093))",10,10,10,10,10,10,10,10,10,10,10,10,10,10,Legrane,Kiffa,418.97769253061153,0.02533836672575112,0.37463272004280085
"(np.float64(-11.659463620222164), np.float64(16.42320941166672))",10,10,10,10,10,10,10,10,10,10,10,10,10,10,Legrane,Kiffa,414.26265172629735,0.017964658606836676,0.28808981006515033
"(np.float64(-11.659463620222164), np.float64(16.846542745000058))",10,10,10,10,10,10,10,10,10,10,10,10,10,10,Nouamlein,Kiffa,458.01636174904826,0.08638974763940417,0.06848688274358376
"(np.float64(-11.657117941209819), np.float64(16.327036572160544))",10,7,10,10,10,10,10,10,10,10,10,10,10,10,Legrane,Kiffa,419.23338088767247,0.025738229927920447,0.36901265438329134
"(np.float64(-11.656624114049325), np.float64(16.428764967222275))",10,10,10,10,10,10,10,10,10,10,10,10,10,10,Legrane,Kiffa,414.41969339613405,0.01821025127166011,0.2819313418552013
"(np.float64(-11.656130286888832), np.float64(16.322468670925982))",10,10,10,10,10,10,10,10,10,10,10,10,10,10,Legrane,Kiffa,419.6623144638073,0.026409026030029814,0.3726437017328732
"(np.float64(-11.65390806466661), np.float64(16.422098300555607))",10,10,10,10,10,10,10,10,10,10,10,10,10,10,Legrane,Kiffa,414.856561650252,0.018893456174009622,0.2857518398170549
"(np.float64(-11.653167323925869), np.float64(17.11283904129635))",10,10,10,10,10,10,10,10,10,10,10,10,10,10,Nouamlein,Kiffa,540.3073457351779,0.21508210087986404,0.2863881591386768
"(np.float64(-11.651685842444385), np.float64(16.328764967222277))",10,10,10,10,10,10,10,10,10,10,10,10,10,10,Legrane,Kiffa,419.6261049365533,0.026352399057713752,0.36502582357629737
"(np.float64(-11.651685842444385), np.float64(17.016542745000052))",16,16,16,16,16,16,16,16,16,16,16,16,16,16,Nouamlein,Kiffa,507.14224463577835,0.16321621352264284,0.20602919622185645
"(np.float64(-11.648722879481424), np.float64(16.321357559814867))",10,10,10,10,10,10,10,7,7,7,7,7,10,10,Legrane,Kiffa,420.45286949658595,0.027645350869109617,0.37039011757173446
"(np.float64(-11.648352509111055), np.float64(16.4209871894445))",10,7,7,7,7,7,7,7,7,7,7,7,10,10,Legrane,Kiffa,415.4668106726685,0.019847805957586232,0.28350782490991616
"(np.float64(-11.648352509111053), np.float64(16.327653856111166))",10,10,10,10,10,10,10,10,10,10,10,10,10,10,Legrane,Kiffa,420.03056225174123,0.026984917483859026,0.36455499962390475
"(np.float64(-11.64613028688883), np.float64(16.32654274500005))",10,10,10,10,10,10,10,10,10,10,10,10,10,10,Legrane,Kiffa,420.3297551595338,0.02745281612246534,0.36459394320130667
"(np.float64(-11.645883373308584), np.float64(16.422715584506225))",10,10,10,10,10,10,10,10,10,10,10,10,10,10,Legrane,Kiffa,415.6869809991775,0.02019212359798458,0.2806940247400745
"(np.float64(-11.64390806466661), np.float64(16.926542745000052))",10,10,10,10,10,10,10,10,10,10,10,10,10,10,Nouamlein,Kiffa,481.09562196289534,0.12248269687998586,0.13073291871533643
"(np.float64(-11.643908064666608), np.float64(16.419876078333388))",10,10,10,10,10,10,10,10,10,10,10,10,10,10,Legrane,Kiffa,415.97232248035476,0.0206383604141103,0.2819675997482093
"(np.float64(-11.643908064666608), np.float64(17.110987189444497))",10,10,10,10,10,10,10,10,10,10,10,10,10,10,Nouamlein,Kiffa,541.090509637394,0.21630686695589196,0.29306880749149183
"(np.float64(-11.643537694296239), np.float64(16.93395015240746))",10,10,10,10,10,10,10,10,10,10,10,10,10,10,Nouamlein,Kiffa,483.25066471794366,0.12585290233928284,0.13684055323899758
"(np.float64(-11.643290780715992), np.float64(17.109258794382768))",10,10,10,10,10,10,10,10,10,16,10,16,10,10,Nouamlein,Kiffa,540.5559741896395,0.21547092331626358,0.29265053361399773
"(np.float64(-11.64329078071599), np.float64(16.33111064623462))",10,10,10,10,10,10,10,10,10,10,10,10,10,10,Legrane,Kiffa,420.2936697806234,0.02739638330194717,0.3592493781263267
"(np.float64(-11.642796953555498), np.float64(16.756542745000054))",10,10,10,10,10,10,10,10,10,10,10,10,10,10,Nouamlein,Kiffa,441.6173046582814,0.06074376376963838,0.003091636202086037
"(np.float64(-11.641685842444387), np.float64(16.325431633888943))",10,10,10,10,10,10,10,10,10,10,10,10,10,10,Legrane,Kiffa,420.8564081128528,0.02827643257010782,0.36371336732559156
"(np.float64(-11.640574731333276), np.float64(16.430616819074128))",10,10,10,10,10,10,10,10,10,10,10,10,10,10,Legrane,Kiffa,416.08994948374107,0.020822313687447736,0.27117503387668396
"(np.float64(-11.640574731333274), np.float64(16.512098300555607))",10,10,10,10,10,10,10,10,10,10,10,10,10,10,Legrane,Kiffa,416.38820095676704,0.02128874004501341,0.20736359918237393
"(np.float64(-11.63785868195056), np.float64(16.329999535123513))",10,10,10,10,10,10,10,10,10,10,10,10,10,10,Legrane,Kiffa,420.92839905863497,0.02838901700859591,0.35796579640489967
"(np.float64(-11.63724139799994), np.float64(16.324320522777832))",10,10,10,10,10,10,10,10,10,10,10,10,10,10,Legrane,Kiffa,421.3931168538064,0.029115774956506857,0.3628884939374725
"(np.float64(-11.63687102762957), np.float64(17.12135755981487))",10,10,10,10,10,10,10,10,10,10,10,10,10,10,Nouamlein,Kiffa,546.0459287052939,0.22405649529000177,0.3046576929827453
"(np.float64(-11.63501917577772), np.float64(16.226542745000053))",10,10,10,10,10,10,10,10,10,10,10,10,10,10,Sani,Kankoussa,430.8116508272851,0.043845132200873924,0.44896213754444303
"(np.float64(-11.630574731333276), np.float64(16.32320941166672))",10,10,10,10,10,10,10,10,10,10,10,10,10,10,Legrane,Kiffa,422.17770030257014,0.0303427610179682,0.3612403743237903
"(np.float64(-11.629710533802411), np.float64(16.32493780672845))",10,10,10,10,10,10,10,10,10,10,10,10,10,10,Kouroudjel,Kiffa,422.1476257689963,0.030295728374648747,0.3593110914283632
"(np.float64(-11.62390806466661), np.float64(16.32209830055561))",10,10,10,10,10,10,10,10,10,7,7,7,10,10,Kouroudjel,Kiffa,422.98601553161507,0.03160686048484814,0.3596229893696626
"(np.float64(-11.620945101703645), np.float64(17.11432052277783))",10,10,10,10,10,10,10,10,10,10,10,10,10,10,Nouamlein,Kiffa,546.0757436080885,0.2241031219046855,0.3084055205517642
"(np.float64(-11.616130286888831), np.float64(16.320987189444498))",10,10,10,10,10,10,10,10,10,10,10,10,10,10,Kouroudjel,Kiffa,423.94622931661627,0.033108509458040176,0.35757296051005977
"(np.float64(-11.611685842444386), np.float64(16.224320522777834))",10,10,10,10,10,10,10,10,10,10,10,10,10,10,Sani,Kankoussa,433.45840021568614,0.04798430262674326,0.44063112205779936
"(np.float64(-11.60724139799994), np.float64(17.1209871894445))",16,16,16,16,16,10,10,10,10,16,16,16,10,10,Nouamlein,Kiffa,550.861117821669,0.23158682229142166,0.3194824346623102
"(np.float64(-11.600945101703646), np.float64(16.328518053642032))",10,10,10,10,10,10,10,10,10,10,10,10,10,10,Kouroudjel,Kiffa,425.2478903682284,0.03514413736937556,0.3432539484092515
"(np.float64(-11.595142632567843), np.float64(16.32629583141981))",10,10,10,10,10,10,10,10,10,10,10,10,10,10,Kouroudjel,Kiffa,426.12925796491186,0.03652248119992447,0.34227511297069035
"(np.float64(-11.59501917577772), np.float64(16.223209411666716))",10,10,10,10,10,10,10,10,10,10,10,10,10,10,Sani,Kankoussa,435.491563827919,0.05116390502188803,0.4349168569577936
"(np.float64(-11.592426583185127), np.float64(16.42419706598771))",10,10,10,10,10,10,10,10,10,10,10,10,10,10,Kouroudjel,Kiffa,422.1497077883632,0.030298984381064462,0.2534187461144959
"(np.float64(-11.592426583185127), np.float64(16.844443979567956))",10,10,10,10,10,10,10,10,10,10,10,10,10,10,Nouamlein,Kiffa,468.1655202688913,0.10226170626793651,0.10400524547119808
"(np.float64(-11.58366115108636), np.float64(16.222098300555608))",10,10,10,10,10,10,10,10,10,10,10,10,10,10,Sani,Kankoussa,437.01277850984894,0.05354288614130814,0.431679670179947
"(np.float64(-11.58329078071599), np.float64(16.424814349938327))",10,10,10,10,10,10,10,10,10,10,10,10,10,10,Kouroudjel,Kiffa,423.4031688844149,0.03225923385594564,0.24921828399122128
"(np.float64(-11.579463620222164), np.float64(16.33209830055561))",10,10,10,10,10,10,10,10,10,10,10,10,10,10,Kouroudjel,Kiffa,427.82251919745306,0.0391705206583334,0.3296795171818783
"(np.float64(-11.576871027629572), np.float64(17.113950152407458))",10,10,10,10,10,10,10,10,10,10,10,10,10,10,Nouamlein,Kiffa,553.6858806314477,0.23600438246299313,0.32559761932862064
"(np.float64(-11.57501917577772), np.float64(16.426542745000052))",10,10,10,10,10,10,10,10,10,10,10,10,10,10,Kouroudjel,Kiffa,424.5561318136249,0.034062317321128854,0.2443580900762654
"(np.float64(-11.57390806466661), np.float64(16.425431633888945))",10,10,10,10,10,10,10,10,10,10,10,10,10,10,Kouroudjel,Kiffa,424.740516874076,0.03435067147832099,0.24493888838678413
"(np.float64(-11.572796953555498), np.float64(16.3309871894445))",10,10,10,10,10,10,10,10,10,10,10,10,10,10,Kouroudjel,Kiffa,428.81933581823836,0.040729411687023556,0.32763497923368756
"(np.float64(-11.569463620222166), np.float64(16.846542745000058))",10,10,10,10,10,10,10,10,10,10,10,10,10,10,Nouamlein,Kiffa,472.7161227990034,0.10937825439866276,0.11661733663878282
"(np.float64(-11.568352509111053), np.float64(16.1209871894445))",10,10,10,10,10,10,10,10,10,10,10,10,10,10,Sani,Kankoussa,452.4671738184678,0.07771154233953409,0.5216669802865265
"(np.float64(-11.567241397999942), np.float64(16.329876078333385))",10,10,10,10,10,10,10,10,10,10,10,10,10,10,Kouroudjel,Kiffa,429.6810677191502,0.0420770478534523,0.3261955135595846
"(np.float64(-11.562673496765374), np.float64(16.22641928820993))",10,10,10,10,10,10,10,10,10,10,10,10,10,10,Sani,Kankoussa,439.3414760853447,0.057184665063606796,0.4204016696076164
"(np.float64(-11.561685842444387), np.float64(17.016542745000052))",10,10,10,10,10,10,10,10,10,10,10,10,10,10,Nouamlein,Kiffa,522.9202304573469,0.18789092302805488,0.2524768448952346
"(np.float64(-11.561315472074014), np.float64(17.11074027586425))",10,10,10,10,10,10,10,10,10,10,10,10,10,10,Nouamlein,Kiffa,555.4188500071251,0.23871452027210188,0.33017136013069376
"(np.float64(-11.559463620222164), np.float64(16.12432052277783))",10,10,10,10,10,10,10,10,10,10,10,10,10,10,Sani,Kankoussa,453.155418270788,0.07878786679068789,0.5155128049080417
"(np.float64(-11.55390806466661), np.float64(16.926542745000052))",10,10,10,10,10,10,10,10,10,10,10,10,10,10,Nouamlein,Kiffa,496.91995285429806,0.14722988402279086,0.1946887393537292
"(np.float64(-11.546006830098706), np.float64(16.22296249808647))",10,10,10,10,10,10,10,10,10,10,10,10,10,10,Sani,Kankoussa,442.15957403981434,0.06159180227178445,0.4185067271030296
"(np.float64(-11.543537694296237), np.float64(16.23135755981487))",10,10,10,10,10,10,10,10,10,10,10,10,10,10,Sani,Kankoussa,441.6177533652211,0.06074446548869909,0.4098022548048862
"(np.float64(-11.540821644913523), np.float64(16.221234103024745))",10,10,10,10,10,10,10,10,10,10,10,10,10,10,Sani,Kankoussa,443.13746773160733,0.06312110031052284,0.41818187581629096
"(np.float64(-11.512796953555497), np.float64(16.12209830055561))",10,10,10,10,10,10,10,10,10,10,10,10,10,10,Sani,Kankoussa,460.6835521576159,0.09056088515158667,0.5040553949939985
"(np.float64(-11.499463620222166), np.float64(16.230987189444498))",10,10,10,10,10,10,10,10,10,10,10,10,10,10,Sani,Kankoussa,449.09664041399867,0.0724404682256333,0.3955132567056355
"(np.float64(-11.495883373308583), np.float64(16.228024226481534))",10,10,10,10,10,10,10,10,10,10,10,10,10,10,Sani,Kankoussa,450.08295059045656,0.07398292854734695,0.3973675104492361
"(np.float64(-11.491685842444387), np.float64(16.11765385611117))",10,10,10,10,10,10,10,10,10,10,10,10,10,10,Sani,Kankoussa,465.1638333023293,0.09756745981825016,0.503585995719179
"(np.float64(-11.491685842444387), np.float64(16.222098300555608))",10,10,10,10,10,10,10,10,10,10,10,10,10,10,Sani,Kankoussa,451.51889586577533,0.07622855944946912,0.4019675879714196
"(np.float64(-11.491192015283893), np.float64(16.229876078333387))",10,10,10,10,10,10,10,10,10,10,10,10,10,10,Sani,Kankoussa,450.787414046368,0.07508461740220898,0.39432952152620665
"(np.float64(-11.48501917577772), np.float64(16.426542745000052))",10,10,10,10,10,10,10,10,10,10,10,10,10,10,Kouroudjel,Kiffa,440.15727512502764,0.05846046823307429,0.20609853684073653
"(np.float64(-11.481685842444387), np.float64(16.228764967222272))",10,10,10,10,10,10,10,10,10,10,10,10,10,10,Sani,Kankoussa,452.77588662188384,0.07819432885176932,0.393022519832938
"(np.float64(-11.479463620222166), np.float64(16.220987189444497))",10,10,10,10,10,10,10,10,10,10,10,10,10,10,Sani,Kankoussa,454.0551529452811,0.08019493433252302,0.4000641244329421
"(np.float64(-11.479463620222166), np.float64(16.846542745000058))",10,10,10,10,10,10,10,10,10,16,10,10,10,10,Nouamlein,Kiffa,490.71643814773506,0.1375283970885241,0.15630572759111225
"(np.float64(-11.479216706641916), np.float64(16.845555090679067))",10,10,10,10,10,10,10,10,10,10,10,10,10,10,Nouamlein,Kiffa,490.5204043537262,0.13722182583316142,0.1556452124992011
"(np.float64(-11.478352509111053), np.float64(16.1209871894445))",10,10,10,10,10,10,10,10,10,10,10,10,10,10,Sani,Kankoussa,467.2554541389099,0.10083848167881884,0.497279396030786
"(np.float64(-11.471685842444387), np.float64(17.016542745000052))",10,10,10,10,10,10,10,10,10,10,10,10,10,10,Nouamlein,Kiffa,541.6973692889783,0.21725591620607748,0.3124097392289772
"(np.float64(-11.469463620222163), np.float64(16.12432052277783))",10,10,10,10,10,10,10,10,10,10,10,10,10,10,Sani,Kankoussa,468.5630584649165,0.102883404095223,0.49173704605393265
"(np.float64(-11.463908064666608), np.float64(16.926542745000052))",10,10,10,10,10,10,10,10,10,10,10,10,10,10,Nouamlein,Kiffa,515.9447427254735,0.17698217108791459,0.2328049089408542
"(np.float64(-11.458722879481423), np.float64(15.998888424012401))",10,10,10,10,10,10,10,10,10,10,10,10,10,10,Sani,Kankoussa,492.0793954955967,0.13965988440300628,0.6099927000214117
"(np.float64(-11.455019175777721), np.float64(16.12320941166672))",10,10,10,10,10,10,10,10,10,10,10,10,10,10,Sani,Kankoussa,471.7725417800002,0.10790261689955324,0.4890312369684515
"(np.float64(-11.451932756024632), np.float64(16.11604891783956))",10,10,10,10,10,10,10,10,10,10,10,10,10,10,Sani,Kankoussa,473.50173151600046,0.11060684384575953,0.4951351188503781
"(np.float64(-11.449833990592534), np.float64(16.220616819074127))",10,10,10,10,10,10,10,10,10,10,10,10,10,10,Sani,Kankoussa,460.3706978461169,0.09007162186151572,0.393658831746543
"(np.float64(-11.448722879481425), np.float64(16.23074027586425))",10,10,10,10,10,10,10,10,10,10,10,10,10,10,Sani,Kankoussa,459.5395082438336,0.0887717498618703,0.38359719507904094
"(np.float64(-11.444772262197473), np.float64(17.309752621543264))",10,10,10,10,10,10,10,10,10,10,10,10,10,10,Hseiy Tin,Boumdeid,657.054458286499,0.39765933984921137,0.5607887915937165
"(np.float64(-11.442796953555499), np.float64(16.115431633888946))",10,10,10,10,10,10,10,10,10,10,10,10,10,10,Sani,Kankoussa,475.6165570753902,0.11391415486268465,0.49334125802251017
"(np.float64(-11.442796953555497), np.float64(15.999876078333388))",10,10,10,10,10,10,10,10,10,10,10,10,10,10,Sani,Kankoussa,495.45493006588765,0.14493877968719057,0.604873683758488
"(np.float64(-11.44032781775303), np.float64(16.92567854746919))",16,16,16,16,16,16,16,16,16,16,16,16,16,16,Nouamlein,Kiffa,521.2451393097905,0.1852712992098778,0.243815345387375
"(np.float64(-11.437735225160436), np.float64(17.30209830055561))",16,16,16,16,16,16,16,16,16,16,16,16,16,16,Hseiy Tin,Boumdeid,655.3995803550483,0.39507132686154334,0.5577632955236012
"(np.float64(-11.43711794120982), np.float64(16.11999953512351))",10,10,10,10,10,10,10,10,10,10,10,10,10,10,Sani,Kankoussa,476.22580462605833,0.11486693847522095,0.4874469303575064
"(np.float64(-11.43464880540735), np.float64(16.12395015240746))",10,10,10,10,10,10,10,10,10,10,10,10,10,10,Sani,Kankoussa,476.21135286431934,0.1148443378069998,0.482988003621917
"(np.float64(-11.430945101703644), np.float64(17.300616819074126))",10,16,16,10,10,10,10,10,10,16,16,16,16,16,Hseiy Tin,Boumdeid,656.2730944800348,0.39643738888787955,0.5600292215360905
"(np.float64(-11.428352509111054), np.float64(16.11432052277783))",10,10,10,10,10,10,10,10,10,10,10,10,10,10,Sani,Kankoussa,479.09739985553483,0.119357738435733,0.4906354489370348
"(np.float64(-11.426377200469078), np.float64(16.11493780672845))",10,10,10,10,10,10,10,10,10,10,10,10,10,10,Sani,Kankoussa,479.46950727548546,0.11993966585003822,0.4895229741833482
"(np.float64(-11.425513002938214), np.float64(17.320246448703756))",16,16,16,16,16,16,16,16,16,16,16,16,16,16,Hseiy Tin,Boumdeid,665.6064937907522,0.41103360663673477,0.5796152943964955
"(np.float64(-11.421932756024633), np.float64(15.988764967222275))",10,10,10,10,10,10,10,10,10,10,10,10,10,10,Sani,Kankoussa,502.63834667225353,0.1561727052352876,0.6101405030940698
"(np.float64(-11.417241397999941), np.float64(16.11876496722228))",10,10,10,10,10,10,10,10,10,10,10,10,10,10,Sani,Kankoussa,481.08197855042107,0.12246136036445897,0.4834394046733258
"(np.float64(-11.411685842444387), np.float64(16.119505707963018))",10,10,10,10,10,10,10,10,10,10,10,10,10,10,Sani,Kankoussa,482.3261489497263,0.12440708040282553,0.48127128543552694
"(np.float64(-11.410204360962904), np.float64(17.29913533759265))",16,16,16,16,16,16,10,16,16,16,16,16,16,16,Hseiy Tin,Boumdeid,660.3001819849549,0.40273522788079724,0.5699567784093615
"(np.float64(-11.401685842444385), np.float64(16.11765385611117))",10,10,10,10,10,10,10,10,10,10,10,10,10,10,Sani,Kankoussa,485.08712629826016,0.12872488844223742,0.4804429620296919
"(np.float64(-11.395019175777719), np.float64(16.229876078333387))",10,10,10,10,10,10,10,10,10,10,10,10,10,10,Sani,Kankoussa,472.4777039575024,0.10900539846374283,0.3703840164564032
"(np.float64(-11.392796953555496), np.float64(17.310987189444496))",16,16,16,16,16,10,10,10,16,16,16,16,16,16,Hseiy Tin,Boumdeid,669.1601611036572,0.4165910782694537,0.5895050903129709
"(np.float64(-11.389463620222163), np.float64(16.846542745000058))",10,10,10,10,10,10,10,10,10,10,10,10,10,10,Nouamlein,Kiffa,512.6895433500641,0.17189146433492555,0.2100497185183632
"(np.float64(-11.388352509111053), np.float64(16.1209871894445))",10,10,10,10,10,10,10,10,10,10,10,10,10,10,Sani,Kankoussa,488.00933108827894,0.13329483514674453,0.47373807782021865
"(np.float64(-11.381685842444385), np.float64(17.016542745000052))",10,10,10,10,10,10,10,10,10,10,10,10,10,10,Nouamlein,Kiffa,563.5383941709223,0.2514124270786972,0.35195738850642033
"(np.float64(-11.376747570839447), np.float64(15.98999953512351))",10,10,10,10,10,10,10,10,10,10,10,10,10,10,Blajmil,Kankoussa,514.025947461449,0.17398142585493045,0.5971298193173847
"(np.float64(-11.37390806466661), np.float64(16.926542745000052))",10,10,10,10,10,10,10,10,10,10,10,10,10,10,Nouamlein,Kiffa,538.4122794661937,0.21211846469654527,0.28273985811569835
"(np.float64(-11.372796953555497), np.float64(17.298764967222276))",10,16,16,10,10,10,10,10,10,16,16,16,16,16,Nouamlein,Kiffa,668.878596688688,0.416150748291661,0.5911426194361546
"(np.float64(-11.36995744738266), np.float64(16.126295831419807))",10,10,10,10,10,10,10,10,10,10,10,10,10,10,Sani,Kankoussa,492.12573738440364,0.13973235706568796,0.46380265909819085
"(np.float64(-11.367982138740683), np.float64(17.640246448703753))",16,16,16,16,16,16,16,16,16,16,16,16,16,16,Lavtah,Boumdeid,821.2519280165612,0.6544427412878496,0.7223927495129875
"(np.float64(-11.36353769429624), np.float64(15.994937806728448))",10,10,10,10,10,10,10,10,10,10,10,10,10,10,Blajmil,Kankoussa,516.6203220533624,0.17803868893829408,0.588908166256926
"(np.float64(-11.358352509111052), np.float64(15.998764967222277))",10,10,10,10,10,10,10,10,10,10,10,10,10,10,Blajmil,Kankoussa,517.2776467705216,0.17906665896121418,0.5838579605092344
"(np.float64(-11.348475965901176), np.float64(16.11740694253092))",10,10,10,10,10,10,10,10,10,10,10,10,10,10,Sani,Kankoussa,499.4067393732588,0.1511188934091126,0.46676316100482773
"(np.float64(-11.343908064666609), np.float64(17.308764967222274))",16,16,16,10,10,10,10,10,10,16,16,16,16,16,Nouamlein,Kiffa,679.9862006138566,0.43352159037849086,0.616627104298214
"(np.float64(-11.343908064666609), np.float64(17.31765385611116))",16,16,16,10,10,10,10,10,10,16,16,16,10,16,Nouamlein,Kiffa,683.6039021004449,0.43917920309714586,0.6236393662617712
"(np.float64(-11.342796953555498), np.float64(17.66320941166672))",16,16,16,16,16,16,16,16,16,16,16,16,16,16,Lavtah,Boumdeid,837.3630946290306,0.6796385020428466,0.7167086006010939
"(np.float64(-11.340574731333275), np.float64(17.62987607833339))",16,16,16,16,16,16,16,16,16,16,16,16,16,16,Lavtah,Boumdeid,822.1220965977768,0.6558035713205956,0.7457474858002512
"(np.float64(-11.3385994226913), np.float64(17.32345632524697))",16,16,16,16,16,10,10,10,16,16,16,16,16,16,Nouamlein,Kiffa,687.2903862245464,0.4449443828791033,0.6314767638530161
"(np.float64(-11.338352509111052), np.float64(16.11432052277783))",10,10,10,10,10,10,10,10,10,10,10,10,10,10,Sani,Kankoussa,502.7755184161931,0.1563872239306608,0.46709413072646694
"(np.float64(-11.332426583185127), np.float64(17.30530817709882))",16,16,16,10,10,10,10,10,16,16,16,16,16,16,Nouamlein,Kiffa,681.4602586621016,0.4358268246806311,0.6211056985093912
"(np.float64(-11.330451274543153), np.float64(15.994320522777828))",10,10,10,10,10,10,10,10,10,10,10,10,10,10,Blajmil,Kankoussa,526.3068276554552,0.19318711881756653,0.5808495376199404
"(np.float64(-11.330451274543151), np.float64(16.00148101660499))",10,10,10,10,10,10,10,10,10,10,10,10,10,10,Blajmil,Kankoussa,524.8337553162681,0.19088342603567723,0.5739383402986912
"(np.float64(-11.326006830098708), np.float64(15.996048917839559))",10,10,10,10,10,10,10,10,10,10,10,10,10,10,Blajmil,Kankoussa,527.2850552044855,0.19471693896542835,0.5780187833442578
"(np.float64(-11.32464880540735), np.float64(17.6525921277161))",16,16,16,16,16,16,16,16,16,16,16,16,16,16,Lavtah,Boumdeid,836.2329895756059,0.6778711653105665,0.7357305186773192
"(np.float64(-11.324031521456732), np.float64(17.632221757345732))",16,16,16,10,16,16,16,16,16,16,16,16,16,16,Lavtah,Boumdeid,826.8155595948764,0.6631435345666977,0.7528911872487307
"(np.float64(-11.317241397999942), np.float64(15.993579782037088))",10,10,10,10,10,10,10,10,10,10,10,10,10,10,Blajmil,Kankoussa,530.4629390951076,0.19968673439621376,0.5781091789866761
"(np.float64(-11.313908064666608), np.float64(17.65036990549388))",16,16,16,16,16,16,16,16,16,16,16,16,16,16,Lavtah,Boumdeid,837.5428447355653,0.6799196077373546,0.743724099354632
"(np.float64(-11.312426583185125), np.float64(15.988764967222275))",10,10,10,10,10,10,10,10,10,10,10,10,10,10,Blajmil,Kankoussa,532.9403987055218,0.20356115771549432,0.5814973969052251
"(np.float64(-11.309463620222164), np.float64(17.319876078333387))",16,16,16,10,10,10,10,10,10,16,16,16,16,16,Nouamlein,Kiffa,693.2183886687542,0.4542150046119639,0.6469655559784263
"(np.float64(-11.291685842444386), np.float64(17.016542745000052))",10,10,10,10,10,10,10,10,10,10,10,10,10,10,Nouamlein,Kiffa,588.3793682551135,0.29026046676453543,0.40381395612496335
"(np.float64(-11.290821644913523), np.float64(15.991481016604991))",10,10,10,10,10,10,10,10,10,10,10,10,10,10,Blajmil,Kankoussa,539.1112216413669,0.21321151898931212,0.573603763217366
"(np.float64(-11.290574731333274), np.float64(17.639876078333387))",16,16,16,16,16,16,16,16,16,16,16,16,16,16,Lavtah,Boumdeid,837.8947220073009,0.680469897841543,0.7659007680139118
"(np.float64(-11.28785868195056), np.float64(17.644567436358077))",16,16,16,16,16,16,16,16,16,16,16,16,16,16,Lavtah,Boumdeid,840.6991773850069,0.6848556998411361,0.7637487087326019
"(np.float64(-11.284401891827102), np.float64(17.66666620179018))",16,16,16,16,16,16,16,16,16,16,16,16,16,16,Lavtah,Boumdeid,851.8000669158271,0.7022160414919836,0.7482747457459225
"(np.float64(-11.28032781775303), np.float64(17.3188884240124))",16,16,16,10,10,10,10,10,10,16,16,16,16,10,Nouamlein,Kiffa,700.4862109595755,0.46558092962869374,0.6653185371438177
"(np.float64(-11.278105595530807), np.float64(18.026666201790174))",16,16,16,16,16,16,16,16,16,16,16,16,16,16,Lavtah,Boumdeid,1029.0045335482891,0.979340687607479,0.48459947769681483
"(np.float64(-11.275636459728338), np.float64(17.31728348574079))",16,16,16,16,10,10,10,10,16,16,16,16,16,16,Nouamlein,Kiffa,701.1021546762884,0.4665441851705258,0.6664754426707985
"(np.float64(-11.272796953555497), np.float64(17.655925461049435))",16,16,16,16,16,16,16,16,16,16,16,16,16,16,Lavtah,Boumdeid,849.4634473962661,0.6985618736836295,0.7638853723811967
"(np.float64(-11.271932756024631), np.float64(18.004073609197587))",16,16,16,16,16,16,16,16,16,16,16,16,16,16,Lavtah,Boumdeid,1018.7961828069542,0.9633761600739669,0.506144813905703
"(np.float64(-11.271562385654263), np.float64(18.016666201790176))",16,16,16,16,16,16,16,16,16,16,16,16,16,16,Lavtah,Boumdeid,1025.2154168898633,0.9734150039437907,0.4965013500431027
"(np.float64(-11.270080904172781), np.float64(17.662715584506227))",16,16,16,16,16,16,16,16,16,16,16,16,16,16,Lavtah,Boumdeid,853.2558447696036,0.7044926879570378,0.7602489285583899
"(np.float64(-11.268846336271547), np.float64(17.29777731290129))",16,16,16,10,10,10,10,10,10,16,16,16,16,16,Nouamlein,Kiffa,695.1729379063229,0.4572716643907492,0.6521638407980058
"(np.float64(-11.265389546148091), np.float64(17.3146908931482))",16,16,16,10,10,10,10,10,16,16,16,16,16,16,Nouamlein,Kiffa,702.8440858276737,0.46926833802659595,0.6687715624491605
"(np.float64(-11.262796953555497), np.float64(15.987653856111166))",10,10,10,10,10,10,10,10,10,10,10,10,10,10,Blajmil,Kankoussa,549.053548047415,0.22876001920040154,0.5716840123114499
"(np.float64(-11.262796953555497), np.float64(15.998024226481535))",10,10,10,10,10,10,10,10,10,10,10,10,10,10,Blajmil,Kankoussa,546.8933574974055,0.22538176326199424,0.561482346426928
"(np.float64(-11.261685842444386), np.float64(17.66036990549388))",16,16,16,10,16,16,10,16,16,16,16,16,16,16,Lavtah,Boumdeid,854.1309716415691,0.7058612721090535,0.7673382842298534
"(np.float64(-11.260945101703646), np.float64(15.993209411666719))",10,10,10,10,10,10,10,10,10,10,10,10,10,10,Blajmil,Kankoussa,548.5076522896127,0.2279063095193093,0.5658881332662155
"(np.float64(-11.257982138740685), np.float64(15.998764967222277))",10,10,10,10,10,10,10,10,10,10,10,10,10,10,Blajmil,Kankoussa,548.3526437616083,0.22766389642282006,0.5599000160615923
"(np.float64(-11.257364854790065), np.float64(17.990122991913633))",16,16,16,16,16,16,16,16,16,16,16,16,16,16,Lavtah,Boumdeid,1014.6807922835699,0.9569402266909478,0.526125013544526
"(np.float64(-11.254895718987598), np.float64(17.99456743635807))",16,16,16,16,16,16,16,16,16,16,16,16,16,16,Lavtah,Boumdeid,1017.4037267268694,0.9611985405942884,0.5241728586260975
"(np.float64(-11.25390806466661), np.float64(17.999505707963014))",16,16,16,16,16,16,16,16,16,16,16,16,16,16,Lavtah,Boumdeid,1020.0771376780343,0.9653794062228027,0.5209139800956176
"(np.float64(-11.252303126395002), np.float64(15.676666201790177))",10,10,10,10,10,10,10,10,10,10,10,10,10,10,Hamed,Kankoussa,645.1334142642763,0.3790163836711502,0.8782954781989893
"(np.float64(-11.251685842444388), np.float64(15.992468670925978))",10,10,10,10,10,10,10,10,10,10,10,10,10,10,Blajmil,Kankoussa,551.7764345596033,0.23301825814574317,0.5650578374691962
"(np.float64(-11.250574731333275), np.float64(17.62987607833339))",16,16,16,16,16,16,16,16,16,16,16,16,16,16,Lavtah,Boumdeid,842.7082072028858,0.6879975601333482,0.7980986991395584
"(np.float64(-11.250204360962906), np.float64(17.99740694253092))",16,16,16,16,16,16,16,16,16,16,16,16,16,16,Lavtah,Boumdeid,1019.7726092911286,0.9649031635915805,0.524858371779699
"(np.float64(-11.249216706641917), np.float64(15.986913115370426))",10,10,10,10,10,10,10,10,10,10,10,10,10,10,Blajmil,Kankoussa,553.780034522234,0.23615162685338803,0.5701549393757039
"(np.float64(-11.247241397999941), np.float64(18.007160028950672))",16,16,16,16,16,16,16,16,16,16,16,16,16,16,Lavtah,Boumdeid,1025.2581719439984,0.9734818672654214,0.5190504345901161
"(np.float64(-11.246747570839446), np.float64(18.035925461049434))",16,16,16,16,16,16,16,16,16,16,16,16,16,16,Lavtah,Boumdeid,1039.8124643767487,0.9962428801029415,0.496832612999833
"(np.float64(-11.245513002938212), np.float64(17.992962498086474))",16,16,16,16,16,16,16,16,16,16,16,16,16,16,Lavtah,Boumdeid,1018.502150731418,0.9629163323030983,0.5312549387310859
"(np.float64(-11.243908064666607), np.float64(18.01987607833339))",16,16,16,16,16,16,16,16,16,16,16,16,16,16,Lavtah,Boumdeid,1032.3106895317833,0.9845110838415015,0.5111492402536365
"(np.float64(-11.242796953555496), np.float64(18.002468670925982))",16,16,16,16,16,16,16,16,16,16,16,16,16,16,Lavtah,Boumdeid,1023.810453857526,0.9712178252239712,0.5254873409981499
"(np.float64(-11.242796953555496), np.float64(18.03901188080252))",16,16,16,16,16,16,16,16,16,16,16,16,16,16,Lavtah,Boumdeid,1042.1560484331399,0.9999079395374554,0.49694466396805076
"(np.float64(-11.242303126395003), np.float64(18.012345214135856))",16,16,16,16,16,16,16,16,16,16,16,16,16,16,Lavtah,Boumdeid,1028.8574637917045,0.9791106897128304,0.5180500504131397
"(np.float64(-11.241685842444387), np.float64(17.649876078333385))",16,16,16,16,16,16,16,16,16,16,16,16,16,16,Lavtah,Boumdeid,854.0588746312692,0.7057485217995098,0.7881306157354017
"(np.float64(-11.24106855849377), np.float64(18.014814349938327))",16,16,16,16,16,16,16,16,16,16,16,16,16,16,Lavtah,Boumdeid,1030.3457975819547,0.981438249411313,0.5168803779099279
"(np.float64(-11.240945101703646), np.float64(15.988518053642029))",10,10,10,10,10,10,10,10,10,10,10,10,10,10,Blajmil,Kankoussa,556.2612012220299,0.24003184757638255,0.5673451166619453
"(np.float64(-11.240945101703645), np.float64(15.687283485740796))",10,10,10,10,10,10,10,10,10,10,10,10,10,10,Hamed,Kankoussa,644.562165520877,0.37812302523122554,0.8666151659741275
"(np.float64(-11.23822905232093), np.float64(18.022345214135857))",16,16,16,16,16,16,16,16,16,16,16,16,16,16,Lavtah,Boumdeid,1034.69915251108,0.9882463280510644,0.5127512532466597
"(np.float64(-11.23785868195056), np.float64(15.997530399321038))",10,10,10,10,10,10,10,10,10,10,10,10,10,10,Blajmil,Kankoussa,555.445419341727,0.23875607124194473,0.5579907025947566
"(np.float64(-11.23613028688883), np.float64(17.308764967222274))",16,16,16,10,10,10,10,10,16,16,16,16,16,16,Nouamlein,Kiffa,708.620171746631,0.4783013821515148,0.677478664608115
"(np.float64(-11.235142632567843), np.float64(18.033209411666718))",16,16,16,16,16,16,16,16,16,16,16,16,16,16,Lavtah,Boumdeid,1040.779364597319,0.9977549857882361,0.5062981748882366
"(np.float64(-11.227241397999942), np.float64(15.686542745000056))",10,10,10,10,10,10,10,10,10,10,10,10,10,10,Hamed,Kankoussa,648.9800200385451,0.3850319728049785,0.8661974513164076
"(np.float64(-11.22501917577772), np.float64(17.32765385611117))",16,16,16,16,16,16,16,16,16,16,16,16,16,16,Nouamlein,Kiffa,719.267182825397,0.49495191717166465,0.6993908806653623
"(np.float64(-11.223537694296239), np.float64(18.009999535123512))",16,16,16,16,16,16,16,16,16,16,16,16,16,16,Lavtah,Boumdeid,1031.5418569623164,0.9833087300984805,0.5315898098494356
"(np.float64(-11.222673496765372), np.float64(18.030987189444495))",16,16,16,16,16,16,16,16,16,16,16,16,16,16,Lavtah,Boumdeid,1042.2149155364157,1.0,0.5160540548910907
"(np.float64(-11.218105595530806), np.float64(15.522345214135855))",10,10,10,10,10,10,10,10,10,10,10,10,10,10,Hamed,Kankoussa,716.3305582202671,0.4903594197592908,1.0219225418256495
"(np.float64(-11.215513002938213), np.float64(17.628271140061784))",16,16,16,16,16,16,16,16,16,16,16,16,16,16,Lavtah,Boumdeid,850.6570098326342,0.7004284494764469,0.8214909175310483
"(np.float64(-11.215019175777721), np.float64(17.670493362284002))",16,16,16,16,16,16,16,16,16,16,16,16,16,16,Lavtah,Boumdeid,870.0974456269923,0.73083075248959,0.7899906071434938
"(np.float64(-11.21255003997525), np.float64(18.025678547469187))",16,16,16,16,16,16,16,16,16,16,16,16,16,16,Lavtah,Boumdeid,1041.664852798263,0.999139773705772,0.5266987328700162
"(np.float64(-11.211192015283894), np.float64(17.659382251172893))",16,16,16,16,16,16,16,16,16,16,16,16,16,16,Lavtah,Boumdeid,865.9457798046564,0.7243380892759083,0.8008143672480187
"(np.float64(-11.202426583185128), np.float64(15.68061681907413))",10,10,10,10,10,10,10,10,10,10,10,10,10,10,Hamed,Kankoussa,658.7935787728591,0.4003790971922041,0.8705735623925246
"(np.float64(-11.201685842444386), np.float64(17.016542745000052))",10,10,10,10,10,10,10,10,10,10,10,10,10,10,El Melgue,Kiffa,616.0353052619759,0.3335107408781969,0.43946465940366203
"(np.float64(-11.200574731333274), np.float64(17.639876078333387))",16,16,16,16,16,16,16,16,16,16,16,16,16,16,Lavtah,Boumdeid,859.7298386836189,0.7146171690520685,0.8224513404665104
"(np.float64(-11.200204360962905), np.float64(17.326542745000054))",16,16,16,16,16,10,10,10,16,16,16,16,16,16,Nouamlein,Kiffa,725.9784236558401,0.505447421463833,0.7110432227105741
"(np.float64(-11.197735225160436), np.float64(17.637653856111164))",16,16,16,16,16,16,16,16,16,16,16,16,16,16,Lavtah,Boumdeid,859.4487566002376,0.7141775933778953,0.825996440108593
"(np.float64(-11.191315472074015), np.float64(15.848394596851907))",10,10,10,10,10,10,10,10,10,10,10,10,10,10,Blajmil,Kankoussa,608.1685736698327,0.32120819992092003,0.7024641115917786
"(np.float64(-11.18724139799994), np.float64(15.67987607833339))",10,10,10,10,10,10,10,10,10,10,10,10,10,10,Hamed,Kankoussa,663.838761176773,0.408269103662372,0.8707239431480228
"(np.float64(-11.185389546148091), np.float64(15.833085954876598))",10,10,10,10,10,10,10,10,10,10,10,10,10,10,Blajmil,Kankoussa,614.6043145250421,0.33127285822713587,0.7175331088790382
"(np.float64(-11.18501917577772), np.float64(17.649135337592647))",16,16,16,16,16,16,16,16,16,16,16,16,16,16,Lavtah,Boumdeid,867.9402279144559,0.7274571456807917,0.8259878959094014
"(np.float64(-11.182426583185126), np.float64(15.691357559814866))",10,10,10,10,10,10,10,10,10,10,10,10,10,10,Hamed,Kankoussa,661.2894953702944,0.404282384829037,0.8591142814217895
"(np.float64(-11.179957447382659), np.float64(15.690493362284004))",10,10,10,10,10,10,10,10,10,10,10,10,10,10,Hamed,Kankoussa,662.3882230695187,0.4060006514766626,0.8599202893240471
"(np.float64(-11.177982138740681), np.float64(15.843579782037093))",10,10,10,10,10,10,10,10,10,10,10,10,10,10,Blajmil,Kankoussa,614.1940704451885,0.33063129005670017,0.7068288765894255
"(np.float64(-11.173537694296238), np.float64(15.676542745000054))",10,10,10,10,10,10,10,10,10,10,10,10,10,10,Hamed,Kankoussa,669.4015581773776,0.4169685917706616,0.8737520223980638
"(np.float64(-11.158475965901177), np.float64(15.68456743635808))",10,10,10,10,10,10,10,10,10,10,10,10,10,10,Hamed,Kankoussa,671.4420737067471,0.42015969160418065,0.865641383124338
"(np.float64(-11.156500657259201), np.float64(15.842839041296353))",10,10,10,10,10,10,10,10,10,10,10,10,10,10,Blajmil,Kankoussa,622.020288536094,0.34287047318837166,0.7073804736624008
"(np.float64(-11.151932756024632), np.float64(17.30864151043215))",16,16,16,10,10,10,10,10,10,16,16,16,16,16,Nouamlein,Kiffa,733.4835036887171,0.5171843866075688,0.7227059065326353
"(np.float64(-11.151685842444387), np.float64(15.689876078333386))",10,10,10,10,10,10,10,10,10,10,10,10,10,10,Hamed,Kankoussa,671.8238155027792,0.4207566859246021,0.8603796299717575
"(np.float64(-11.150945101703645), np.float64(15.847653856111167))",10,10,10,10,10,10,10,10,10,10,10,10,10,10,Blajmil,Kankoussa,622.6721997064477,0.3438899771309993,0.702623450619988
"(np.float64(-11.149833990592533), np.float64(15.678518053642028))",10,10,10,10,10,10,10,10,10,10,10,10,10,10,Hamed,Kankoussa,676.3983063869365,0.42791059232166817,0.8717587886781314
"(np.float64(-11.148352509111053), np.float64(15.840987189444503))",10,10,10,10,10,10,10,10,10,10,10,10,10,10,Blajmil,Kankoussa,625.4609582985863,0.3482512314076812,0.7093309979994398
"(np.float64(-11.148105595530806), np.float64(15.834443979567954))",10,10,10,10,10,10,10,10,10,10,10,10,10,10,Blajmil,Kankoussa,627.3908756609756,0.3512693701501631,0.7158775855303356
"(np.float64(-11.1465006572592), np.float64(15.499876078333388))",10,10,10,10,10,10,10,10,10,10,10,10,10,10,Hamed,Kankoussa,745.8111174237856,0.5364631647258715,1.0504293433938858
"(np.float64(-11.145513002938213), np.float64(15.84197484376549))",10,10,10,10,10,10,10,10,10,10,10,10,10,10,Blajmil,Kankoussa,626.2076159856002,0.3494189065301842,0.7083999665550778
"(np.float64(-11.138475965901177), np.float64(15.844937806728451))",10,10,10,10,10,10,10,10,10,10,10,10,10,10,Blajmil,Kankoussa,627.9307770670714,0.35211370544794024,0.705627469727432
"(np.float64(-11.13613028688883), np.float64(15.686542745000056))",10,10,10,10,10,10,10,10,10,10,10,10,10,10,Hamed,Kankoussa,678.1520495556937,0.43065321763047215,0.8640208849343717
"(np.float64(-11.135513002938213), np.float64(15.84962916475314))",10,10,10,10,10,10,10,10,10,10,10,10,10,10,Blajmil,Kankoussa,627.7175708124647,0.3517802787066153,0.7010400705518918
"(np.float64(-11.133167323925868), np.float64(15.84592546104944))",10,10,10,10,10,10,10,10,10,10,10,10,10,10,Blajmil,Kankoussa,629.5894457495831,0.3547076466752643,0.7048301282972058
"(np.float64(-11.13106855849377), np.float64(15.83555509067907))",10,10,10,10,10,10,10,10,10,10,10,10,10,10,Blajmil,Kankoussa,633.2322008680862,0.36040444000268296,0.7152773231504733
"(np.float64(-11.122056212814757), np.float64(15.851604473395117))",10,10,10,10,10,10,10,10,10,10,10,10,10,10,Blajmil,Kankoussa,632.1099844955291,0.35864944013716077,0.6996863020737977
"(np.float64(-11.116994484419696), np.float64(15.840369905493883))",10,10,10,10,10,10,10,10,10,10,10,10,10,10,Blajmil,Kankoussa,637.0444022530017,0.36636622516415346,0.7111990925677245
"(np.float64(-11.116994484419696), np.float64(15.847036572160548))",10,10,10,10,10,10,10,10,10,10,10,10,10,10,Blajmil,Kankoussa,635.2175592535103,0.3635092812655967,0.7045453318777278
"(np.float64(-11.115266089357966), np.float64(15.836666201790178))",10,10,10,10,10,10,10,10,10,10,10,10,10,10,Blajmil,Kankoussa,638.7038946690047,0.3689614546030932,0.7150040495169108
"(np.float64(-11.113908064666608), np.float64(15.68320941166672))",10,10,10,10,10,10,10,10,10,10,10,10,10,10,Hamed,Kankoussa,686.8035727796963,0.4441830702203871,0.8682746958248705
"(np.float64(-11.111685842444388), np.float64(17.016542745000052))",16,16,16,10,10,10,10,10,10,16,16,16,16,16,Aghorat,Kiffa,646.3250363985253,0.3808799250848216,0.46228405735372946
"(np.float64(-11.111068558493768), np.float64(15.509629164753138))",10,10,10,10,10,10,10,10,10,10,10,10,10,10,Hamed,Kankoussa,752.4035063478844,0.5467728001564263,1.0417741128832336
"(np.float64(-11.109463620222163), np.float64(15.837653856111167))",10,10,10,10,10,10,10,10,10,10,10,10,10,10,Blajmil,Kankoussa,640.57099291035,0.3718813524433031,0.7143853441763234
"(np.float64(-11.106130286888831), np.float64(15.52209830055561))",10,10,10,10,10,10,10,10,10,10,10,10,10,10,Hamed,Kankoussa,748.9573185678572,0.5413834124782455,1.0295709505370958
"(np.float64(-11.10613028688883), np.float64(15.684197065987709))",10,10,10,10,10,10,10,10,10,10,10,10,10,10,Hamed,Kankoussa,689.1265379552417,0.44781588441771114,0.8677457411581119
"(np.float64(-11.10427843503698), np.float64(15.675431633888941))",10,10,10,10,10,10,10,10,10,10,10,10,10,10,Hamed,Kankoussa,692.753065714469,0.45348730027422196,0.8766107443033758
"(np.float64(-11.103661151086362), np.float64(15.513085954876594))",10,10,10,10,10,10,10,10,10,10,10,10,10,10,Tenaha,Kankoussa,753.2901931838995,0.5481594625826934,1.0385269104381514
"(np.float64(-11.097858681950559), np.float64(15.838764967222277))",10,10,10,10,10,10,10,10,10,10,10,10,10,10,Blajmil,Kankoussa,644.5743268736243,0.37814204399886964,0.7140104009801256
"(np.float64(-11.097241397999941), np.float64(15.67987607833339))",10,10,10,10,10,10,10,10,10,10,10,10,10,10,Hamed,Kankoussa,693.652484908203,0.4548938744453458,0.8726202481261044
"(np.float64(-11.09143892886414), np.float64(15.511974843765485))",10,10,10,10,10,10,10,10,10,10,10,10,10,10,Tenaha,Kankoussa,757.507873209544,0.5547553633900887,1.0356976499091346
"(np.float64(-11.089463620222164), np.float64(15.8509871894445))",10,10,10,10,10,10,10,10,10,10,10,10,10,10,Blajmil,Kankoussa,644.4192808103849,0.37789957220217424,0.702343584451632
"(np.float64(-11.088229052320928), np.float64(15.682592127716104))",10,10,10,10,10,10,10,10,10,10,10,10,10,10,Hamed,Kankoussa,695.8548920057129,0.4583381515513265,0.870479613483925
"(np.float64(-11.081685842444386), np.float64(15.508764967222275))",10,10,10,10,10,10,10,10,10,10,10,10,10,10,Tenaha,Kankoussa,761.8170235919974,0.5614943118911595,1.0357258533348062
"(np.float64(-11.078352509111053), np.float64(15.676542745000054))",10,10,10,10,10,10,10,10,10,10,10,10,10,10,Hamed,Kankoussa,701.3375230508767,0.46691227057353013,0.876136697764742
"(np.float64(-11.074401891827101), np.float64(15.689752621543263))",10,10,10,10,10,10,10,10,10,10,10,10,10,10,Hamed,Kankoussa,698.3080256113454,0.46217453217566457,0.8623844111885266
"(np.float64(-11.07390806466661), np.float64(15.83987607833339))",10,10,10,10,10,10,10,10,10,10,10,10,10,10,Blajmil,Kankoussa,653.2781438217193,0.39175367714465065,0.7144162488160464
"(np.float64(-11.069587077012288), np.float64(15.686295831419809))",10,10,10,10,10,10,10,10,10,10,10,10,10,10,Hamed,Kankoussa,701.1559261358442,0.46662827671169127,0.863924514545965
"(np.float64(-11.02751917577772), np.float64(15.315431633888945))",10,10,10,10,10,10,10,10,10,10,10,10,10,10,Tenaha,Kankoussa,858.1538947444901,0.7121525985210403,1.1646886912459802
"(np.float64(-11.015266089357967), np.float64(15.502221757345735))",10,10,10,10,10,10,10,10,10,10,10,10,10,10,Tenaha,Kankoussa,785.7512114973197,0.5989242564031176,1.02257501623615
"(np.float64(-11.009463620222164), np.float64(15.52209830055561))",10,10,10,10,10,10,10,10,10,10,10,10,10,10,Tenaha,Kankoussa,780.1640244783083,0.5901866254909351,1.0018720972407045
"(np.float64(-10.991685842444387), np.float64(15.508764967222275))",10,10,10,10,10,10,10,10,10,10,10,10,10,10,Tenaha,Kankoussa,791.1704766514314,0.6073992794461549,1.0102719324961769
"(np.float64(-10.988074731333276), np.float64(15.289876078333387))",10,10,10,10,10,10,10,10,10,10,10,10,10,10,Tenaha,Kankoussa,880.8059623535906,0.7475774743114245,1.2015822434547985
"(np.float64(-10.980574731333274), np.float64(15.305431633888942))",10,10,10,10,10,10,10,10,10,10,10,10,10,10,Tenaha,Kankoussa,876.381696468496,0.7406585001962251,1.2063023205174859
"(np.float64(-10.977519175777719), np.float64(15.299320522777833))",10,10,10,10,10,10,10,10,10,10,10,10,10,10,Tenaha,Kankoussa,879.917535578003,0.7461880908468705,1.2117097618615154
"(np.float64(-10.976500657259201), np.float64(15.51987607833339))",10,10,10,10,10,10,10,10,10,10,10,10,10,10,Tenaha,Kankoussa,792.2287938021536,0.6090543492728098,0.9958739254257786
"(np.float64(-10.972241397999944), np.float64(15.314042745000055))",10,10,10,10,10,10,10,10,10,10,10,10,10,10,Tenaha,Kankoussa,875.2610964312146,0.7389060280680101,1.1962526596874015
"(np.float64(-10.970296953555497), np.float64(15.286820522777829))",10,10,10,10,10,10,10,10,10,10,10,10,10,10,Tenaha,Kankoussa,887.4614718205637,0.7579858220286336,1.2190482620632412
"(np.float64(-10.963074731333274), np.float64(15.3034871894445))",10,10,10,10,10,10,10,10,10,10,10,10,10,10,Tenaha,Kankoussa,882.5491417657905,0.7503035792844084,1.2049340842138954
"(np.float64(-10.962056212814757), np.float64(15.521481016604993))",10,10,10,10,10,10,10,10,10,10,10,10,10,10,Tenaha,Kankoussa,796.6548451601146,0.6159761156344217,0.9910634792409941
"(np.float64(-10.960698188123398), np.float64(15.516666201790175))",10,10,10,10,10,10,10,10,10,10,10,10,10,10,Tenaha,Kankoussa,798.8919223068325,0.6194746121700823,0.9954692182898882
"(np.float64(-10.960574731333276), np.float64(15.51543163388894))",10,10,10,10,10,10,10,10,10,10,10,10,10,10,Tenaha,Kankoussa,799.3877326878131,0.6202499948620696,0.9966481716873826
"(np.float64(-10.958074731333276), np.float64(15.272376078333386))",10,10,10,10,10,10,10,10,10,10,10,10,10,10,Tenaha,Kankoussa,897.3825217030185,0.7735010485351522,1.2300403202783077
"(np.float64(-10.94890806466661), np.float64(15.279876078333384))",10,10,10,10,10,10,10,10,10,10,10,10,10,10,Tenaha,Kankoussa,896.9664637798791,0.7728503882730003,1.2257413504391015
"(np.float64(-10.946130286888831), np.float64(15.518888424012399))",10,10,10,10,10,10,10,10,10,10,10,10,10,10,Tenaha,Kankoussa,803.1899205627337,0.6261961202014913,0.9902524949718796
"(np.float64(-10.939741397999942), np.float64(15.263487189444497))",10,10,10,10,10,10,10,10,10,10,10,10,10,10,Tenaha,Kankoussa,906.8251132795508,0.7882680287292074,1.2404421832553458
"(np.float64(-10.934463620222168), np.float64(15.268764967222275))",10,10,10,10,10,10,10,10,10,10,10,10,10,10,Tenaha,Kankoussa,906.1916148146588,0.7872773198535556,1.234412587993797
"(np.float64(-10.925685842444386), np.float64(15.288542745000054))",10,10,10,10,10,10,10,10,10,10,10,10,10,10,Tenaha,Kankoussa,900.528644700909,0.7784211740771035,1.2135396177574758
"(np.float64(-10.924185842444388), np.float64(15.321264967222277))",10,10,10,10,10,10,10,10,10,10,10,10,10,10,Tenaha,Kankoussa,887.3475259870202,0.7578076256242361,1.1809608224697523
"(np.float64(-10.9165006572592), np.float64(15.507283485740794))",10,10,10,10,10,10,10,10,10,10,10,10,10,10,Tenaha,Kankoussa,817.9258492028118,0.6492411883488692,0.9961230681539713
"(np.float64(-10.91640806466661), np.float64(15.285153856111164))",10,10,10,10,10,10,10,10,10,10,10,10,10,10,Tenaha,Kankoussa,904.9023286936795,0.7852610447177879,1.2155557825591996
"(np.float64(-10.911685842444385), np.float64(15.29487607833339))",10,10,10,10,10,10,10,10,10,10,10,10,10,10,Tenaha,Kankoussa,902.3293942027741,0.7812373111527116,1.2052719323089482
"(np.float64(-10.910698188123398), np.float64(15.505802004259314))",10,10,10,10,10,10,10,10,10,10,10,10,10,10,Tenaha,Kankoussa,820.5423196550576,0.6533330064724729,0.9966072792676107
"(np.float64(-10.903908064666608), np.float64(15.277653856111161))",10,10,10,10,10,10,10,10,10,10,10,10,10,10,Tenaha,Kankoussa,912.0634181501433,0.79646005351896,1.2212708852486363
"(np.float64(-10.901685842444387), np.float64(15.508764967222275))",10,10,10,10,10,10,10,10,10,10,10,10,10,10,Tenaha,Kankoussa,822.7314856993706,0.6567565763002957,0.992231069224027
"(np.float64(-10.898074731333276), np.float64(15.309876078333389))",10,10,10,10,10,10,10,10,10,10,10,10,10,10,Tenaha,Kankoussa,900.5282870038467,0.7784206146856067,1.1885597962119836
"(np.float64(-10.894741397999944), np.float64(15.299042745000056))",10,10,10,10,10,10,10,10,10,10,10,10,10,10,Tenaha,Kankoussa,906.0924846146155,0.7871222931652988,1.198868112777602
"(np.float64(-10.890491397999941), np.float64(15.303792745000052))",10,10,10,10,10,10,10,10,10,10,10,10,10,10,Tenaha,Kankoussa,905.5292713419892,0.786241501152376,1.193618655946104
"(np.float64(-10.882241397999941), np.float64(15.314042745000055))",10,10,10,10,10,10,10,10,10,10,10,10,10,10,Tenaha,Kankoussa,904.0644985184844,0.7839507877292471,1.1824379781164802
"(np.float64(-10.872920410345621), np.float64(15.518641510432152))",10,10,10,10,10,10,10,10,10,10,10,10,10,10,Tenaha,Kankoussa,829.7925134483614,0.6677991016572288,0.9783039750629603
"(np.float64(-10.849093249851796), np.float64(15.50530817709882))",10,10,10,10,10,10,10,10,10,10,10,10,10,10,Tenaha,Kankoussa,843.347745042554,0.688997713802517,0.9886366651521118
